,common_name,temperature_germination,temperature_growing,days_germination,days_harvest,ph_range,ph,chalk,clay,loam,peat,sand,silt,water_code,nutrients_code,temperature_class_code,cultivation_brassica,cultivation_chenopodiaceae,cultivation_cucurbit,cultivation_lamiaceae,cultivation_legume,cultivation_miscellaneous,cultivation_salad,cultivation_solanaceae,cultivation_solanum,cultivation_umbelliferae,sunlight_full sun/partial shade,sunlight_full sun/partial shade/full shade,sunlight_partial shade,season_biennial,season_mixed,season_perenial,season_perennial,season_unknown
0,Pea,24.0,14.0,6.0,65.0,1.5,6.75,0,0,0,0,0,0,5,2,3,False,False,False,False,True,False,False,False,False,False,False,False,False,False,False,False,False,False
1,Beans (Runner),26.0,23.0,7.0,75.0,0.7999999999999998,6.4,0,1,0,0,0,0,3,2,2,False,False,False,False,True,False,False,False,False,False,False,False,False,False,False,False,False,False
2,Beans (French),26.0,23.0,7.0,47.5,1.5,6.75,0,0,0,0,0,0,3,2,2,False,False,False,False,True,False,False,False,False,False,False,False,False,False,False,False,False,False
3,Beans (Broad),10.0,11.5,7.0,100.0,1.0,6.5,0,0,0,0,0,0,2,2,4,False,False,False,False,True,False,False,False,False,False,False,True,False,False,False,False,False,False
4,Cabbage (Spring),26.0,18.5,4.0,70.0,1.5,6.75,0,1,1,0,0,0,4,4,4,False,False,False,False,True,False,False,False,False,False,False,False,False,True,False,False,False,False
5,Broccoli,30.0,18.5,4.0,70.0,1.5,6.75,0,0,0,0,1,0,3,4,3,True,False,False,False,False,False,False,False,False,False,True,False,False,False,False,False,False,True
6,Brussels Sprouts,26.0,18.5,4.0,180.0,1.5,6.75,0,0,0,0,0,0,3,4,4,True,False,False,False,False,False,False,False,False,False,False,False,False,True,False,False,False,False
7,Cauliflower,26.0,17.5,5.0,82.5,2.0,6.5,0,0,0,0,0,0,3,4,4,True,False,False,False,False,False,False,False,False,False,False,False,False,False,False,False,False,True
8,Kale,26.0,17.5,4.0,70.0,1.5,6.75,0,0,0,0,0,0,1,4,5,True,False,False,False,False,False,False,False,False,False,False,False,False,False,False,False,False,False
9,Turnip,30.0,14.5,3.0,57.5,2.0,6.5,0,0,0,0,0,0,3,2,5,True,False,False,False,False,False,False,False,False,False,True,False,False,False,False,False,False,False
10,Zucchini or Courgette,21.0,28.0,7.0,55.0,1.0,6.5,0,0,0,0,0,0,3,4,2,False,False,True,False,False,False,False,False,False,False,False,False,False,False,False,False,False,False
11,Cucumber,35.0,25.5,3.0,105.0,1.5,6.25,0,0,0,0,0,0,4,4,2,False,False,True,False,False,False,False,False,False,False,True,False,False,False,False,False,False,False
12,Melon,28.0,18.0,7.0,87.5,2.0,6.5,0,0,0,0,0,0,4,4,2,False,False,True,False,False,False,False,False,False,False,False,False,False,False,False,False,False,False
13,Pumpkin,35.0,28.0,4.0,105.0,1.0,6.5,0,0,0,0,0,0,3,4,4,False,False,True,False,False,False,False,False,False,False,False,False,False,False,False,False,False,False
14,Water melon,35.0,26.0,4.0,90.0,1.0,6.5,0,0,0,0,0,0,4,4,2,False,False,True,False,False,False,False,False,False,False,False,False,False,False,False,False,False,False
15,Lettuce (Headed),24.0,15.5,3.0,72.5,1.0,6.5,0,0,0,0,0,0,4,2,2,False,False,False,False,False,False,True,False,False,False,False,False,True,False,False,False,False,False
16,Celery,21.0,13.0,7.0,115.0,1.0,6.5,0,0,0,0,0,0,4,4,2,False,False,False,False,False,False,True,False,False,False,True,False,False,False,False,False,False,True
17,Chicory,21.0,17.5,6.0,77.5,0.7000000000000002,6.35,0,1,0,0,1,0,1,1,4,False,False,False,False,False,False,True,False,False,False,True,False,False,False,False,False,False,True
18,Amaranth (Grain),21.0,17.5,4.0,105.0,1.0,6.5,0,0,0,0,0,0,3,2,2,False,False,False,False,False,True,False,False,False,False,False,False,False,False,False,False,False,True
19,Artichoke (Globe),26.0,17.0,15.5,125.0,1.0,6.5,0,0,0,0,0,0,3,4,2,True,False,False,False,False,False,False,False,False,False,True,False,False,False,False,False,True,False
20,Artichoke (Jerusalem),25.0,25.0,13.5,130.0,1.0,7.0,0,1,1,0,0,0,1,1,5,False,False,False,False,False,True,False,False,False,False,False,False,False,False,False,False,False,True
21,Asparagus,24.0,20.0,10.0,70.0,1.0,7.0,0,0,1,0,0,0,3,2,4,False,False,False,False,False,True,False,False,False,False,True,False,False,False,False,False,False,True
22,Aubergine,30.0,28.0,4.0,72.5,1.5,6.25,0,0,0,0,0,0,5,4,2,False,False,False,False,False,False,False,True,False,False,False,False,False,False,False,False,False,True
23,Beans (Borlotti),16.0,23.0,7.0,67.5,0.5,6.25,0,0,0,0,0,0,3,1,2,False,False,False,False,True,False,False,False,False,False,True,False,False,False,False,False,False,True
24,Beetroot,30.0,20.0,4.0,67.5,1.5,6.75,0,0,0,0,0,0,3,2,3,False,False,False,False,False,False,False,False,False,True,True,False,False,False,False,False,False,True
25,Bok Choy,18.5,17.0,8.0,52.5,0.5,6.75,0,0,0,0,0,0,4,1,2,True,False,False,False,False,False,False,False,False,False,False,False,False,False,False,False,False,True
26,Cabbage (Autumn red),26.0,18.5,4.0,85.0,1.5,6.75,0,1,1,0,0,0,4,4,4,True,False,False,False,False,False,False,False,False,False,False,False,False,True,False,False,False,False
27,Cabbage (Autumn),26.0,18.5,4.0,85.0,1.5,6.75,0,1,1,0,0,0,4,4,4,True,False,False,False,False,False,False,False,False,False,False,False,False,True,False,False,False,False
28,Cabbage (Chinese),18.5,17.0,8.0,52.5,1.5,6.75,0,0,0,0,0,0,4,4,2,True,False,False,False,False,False,False,False,False,False,False,False,False,False,False,False,False,True
29,Cabbage (Spring red),26.0,18.5,4.0,85.0,1.5,6.75,0,1,1,0,0,0,4,4,4,True,False,False,False,False,False,False,False,False,False,False,False,False,True,False,False,False,False
30,Cabbage (Summer red),26.0,18.5,4.0,85.0,1.5,6.75,0,1,1,0,0,0,4,4,4,True,False,False,False,False,False,False,False,False,False,False,False,False,True,False,False,False,False
31,Cabbage (Summer),26.0,18.5,4.0,85.0,1.5,6.75,0,1,1,0,0,0,4,4,4,True,False,False,False,False,False,False,False,False,False,False,False,False,True,False,False,False,False
32,Calabrese,24.0,18.5,7.0,70.0,1.0,6.5,0,0,0,0,1,0,3,4,2,True,False,False,False,False,False,False,False,False,False,False,False,True,False,False,False,False,True
33,Carrot,26.0,18.5,4.0,70.0,1.5,6.25,0,0,0,0,1,0,4,1,4,False,False,False,False,False,False,False,False,False,True,True,False,False,True,False,False,False,False
34,Celeriac,22.5,16.5,11.0,105.0,1.0,6.0,0,0,0,0,0,0,4,2,4,False,False,False,False,False,False,False,False,False,True,False,False,False,False,False,False,False,True
35,Chilli Pepper,30.0,17.0,10.0,75.0,1.5,7.75,0,0,0,0,1,0,3,4,2,False,False,False,False,False,False,False,True,False,False,False,False,False,False,False,False,False,True
36,Chives,21.0,17.0,10.0,70.0,1.5,6.75,0,1,0,1,0,0,3,1,4,False,False,False,False,False,False,False,False,False,False,False,True,False,False,False,False,False,True
37,Cress,14.0,14.0,5.0,9.0,1.0,6.5,0,0,0,0,0,0,3,1,2,False,False,False,False,False,True,False,False,False,False,False,True,False,False,False,False,False,True
38,Endive,21.0,17.5,6.0,77.5,1.0,6.5,0,0,0,0,0,0,3,1,3,False,False,False,False,False,True,False,False,False,False,True,False,False,False,False,False,False,True
39,Fennel,21.0,22.5,7.0,80.0,1.0,6.5,0,0,0,0,0,0,3,4,4,False,False,False,False,False,False,False,False,False,True,False,False,False,False,False,False,False,True
40,Garlic,26.0,18.5,4.0,70.0,2.0,6.5,0,0,0,0,0,0,3,1,5,False,False,False,False,False,False,False,False,False,False,True,False,False,False,False,False,False,True
41,Ginger,26.0,18.5,4.0,240.0,1.0,5.5,0,0,0,0,0,0,4,2,2,False,False,False,False,False,True,False,False,False,False,False,False,True,False,False,False,False,True
42,Kohlrabi,26.0,18.5,4.0,75.0,1.5,6.75,0,0,0,0,0,0,3,2,5,True,False,False,False,False,False,False,False,False,False,True,False,False,False,False,False,False,True
43,Leek,21.0,18.5,7.0,117.5,1.0,7.0,0,0,0,0,0,0,3,2,5,False,False,False,False,False,False,False,False,False,False,True,False,False,False,False,False,False,True
44,Lettuce (Lambs/Corn Salad),13.0,15.5,7.0,45.0,1.0,6.5,0,0,0,0,0,0,4,2,2,False,False,False,False,False,True,False,False,False,False,False,False,False,False,False,False,False,True
45,Lettuce (Loose Leaf),24.0,15.5,4.0,60.0,1.0,6.5,0,0,0,0,0,0,4,2,2,False,False,False,False,False,True,False,False,False,False,False,False,True,False,False,False,False,True
46,Winter Purslane (Miners lettuce),10.0,15.5,4.0,60.0,1.0,6.5,0,0,0,0,0,0,4,2,5,False,False,False,False,False,True,False,False,False,False,True,False,False,False,False,False,False,True
47,Mangetout,11.0,14.0,6.0,110.0,1.0,6.5,0,0,0,0,0,0,3,2,3,False,False,False,False,True,False,False,False,False,False,True,False,False,False,False,False,False,True
48,Marrow,21.0,18.5,7.0,87.5,1.5,6.75,0,0,0,0,0,0,3,4,2,False,False,True,False,False,False,False,False,False,False,False,False,False,False,False,False,False,True
49,Mizuna,26.0,18.5,4.0,35.5,0.5,6.75,0,0,0,0,0,0,4,4,4,True,False,False,False,False,False,False,False,False,False,True,False,False,False,False,False,False,True
50,Mustard,26.0,18.5,4.0,40.0,1.5,6.75,0,0,0,0,0,0,3,2,4,True,False,False,False,False,False,False,False,False,False,True,False,False,False,False,False,False,True
51,Okra,35.0,18.5,6.0,55.0,1.5,6.75,0,0,0,0,0,0,4,2,2,False,False,False,False,False,True,False,False,False,False,False,False,False,False,False,False,False,True
52,Onion,24.0,22.5,6.0,110.0,1.0,6.5,0,1,0,0,1,0,3,2,4,False,False,False,False,False,False,False,False,False,False,True,False,False,False,False,False,False,True
53,Onion (Autumn planted),24.0,18.5,6.0,110.0,1.0,6.5,0,1,0,0,1,0,3,2,4,False,False,False,False,False,False,False,False,False,False,True,False,False,False,False,False,False,True
54,Onions (Perennial),24.0,18.5,6.0,60.0,1.0,6.5,0,0,0,0,1,0,3,1,5,False,False,False,False,False,False,False,False,False,False,True,False,False,False,False,False,False,True
55,Onions (Red),24.0,18.5,6.0,110.0,1.0,6.5,0,1,0,0,1,0,3,2,5,False,False,False,False,False,False,False,False,False,False,True,False,False,False,False,False,False,True
56,Parsnip,18.0,15.5,14.0,100.0,2.0,6.5,0,0,0,0,0,0,3,1,3,False,False,False,False,False,False,False,False,False,True,True,False,False,False,False,False,False,True
57,Bell Pepper,30.0,26.0,8.0,70.0,1.5,6.25,0,0,0,0,0,1,3,4,2,False,False,False,False,False,False,False,True,False,False,True,False,False,False,False,False,False,True
58,Potatoes (Early),26.0,16.5,4.0,102.5,1.5,5.25,0,1,0,0,0,0,3,1,2,False,False,False,False,False,False,False,True,False,False,False,False,False,False,False,False,False,True
59,Potatoes (Main crop),26.0,16.5,4.0,107.5,1.5,5.25,0,1,0,0,0,0,3,1,2,False,False,False,False,False,False,False,True,False,False,False,False,False,False,False,False,False,True
60,Purslane,32.0,18.5,4.0,70.0,1.5,6.25,0,0,0,0,1,1,1,1,4,False,False,False,False,False,True,False,False,False,False,True,False,False,False,False,False,False,True
61,Quinoa,21.0,17.5,4.0,105.0,1.0,6.5,0,0,1,0,0,0,1,1,2,False,False,False,False,False,True,False,False,False,False,False,False,False,False,False,False,False,True
62,Radish,30.0,18.5,4.0,37.5,1.0,6.5,0,1,0,0,1,0,3,1,3,True,False,False,False,False,False,False,False,False,False,True,False,False,False,False,False,False,True
63,Rhubarb,21.0,24.0,7.0,70.0,1.5,6.25,0,0,0,0,0,0,3,1,4,False,False,False,False,False,True,False,False,False,False,True,False,False,False,False,False,True,False
64,Rocket,20.0,18.5,6.0,65.0,1.0,6.5,0,0,0,0,0,0,3,1,3,True,False,False,False,False,False,False,False,False,False,True,False,False,False,False,False,False,True
65,Salsify,21.0,18.5,6.0,120.0,1.5,6.75,0,0,0,0,1,0,3,1,3,False,False,False,False,False,True,False,False,False,False,False,False,False,False,False,False,False,True
66,Scorzonera (Black salsify),21.0,18.5,6.0,120.0,1.0,6.5,0,0,0,0,1,0,3,1,4,False,False,False,False,False,True,False,False,False,False,False,False,False,False,False,False,False,True
67,Shallots,24.0,18.5,21.0,90.0,1.0,6.5,0,0,0,0,0,0,3,1,5,False,False,False,False,False,False,False,False,False,False,False,False,False,False,False,False,False,True
68,Sorrel,20.0,18.5,7.0,60.0,1.5,6.25,0,0,0,0,0,0,3,2,5,False,False,False,False,False,True,False,False,False,False,True,False,False,False,False,False,False,True
69,Soybean,24.0,18.5,4.0,95.0,1.0,6.5,0,0,0,0,0,0,3,2,3,False,False,False,False,True,False,False,False,False,False,False,False,False,False,False,False,False,True
70,Spinach,21.0,18.5,5.0,57.5,1.5,6.75,0,0,0,0,0,0,3,2,3,False,True,False,False,False,False,False,False,False,False,True,False,False,False,False,False,False,True
71,Spinach (New Zealand),26.0,19.5,15.0,60.0,0.5,6.75,0,0,0,0,0,0,3,1,2,False,False,False,False,False,True,False,False,False,False,True,False,False,False,False,False,False,True
72,Spinach (Perpetual),30.0,18.5,4.0,37.5,1.0,6.5,0,0,0,0,0,0,3,1,5,False,True,False,False,False,False,False,False,False,False,True,False,False,False,False,False,False,True
73,Spring Onion / Scallions,24.0,18.5,6.0,60.0,1.0,6.5,0,0,0,0,0,0,3,1,5,False,False,False,False,False,False,False,False,False,False,True,False,False,False,False,False,False,True
74,Squash (Summer),35.0,21.0,4.0,60.0,1.0,6.5,0,0,0,0,0,0,3,4,2,False,False,True,False,False,False,False,False,False,False,False,False,False,False,False,False,False,True
75,Squash (Winter),35.0,21.0,5.0,102.5,1.5,6.25,0,0,0,0,0,0,3,4,2,False,False,True,False,False,False,False,False,False,False,False,False,False,False,False,False,False,True
76,Swede / Rutabaga,26.0,18.5,4.0,90.0,1.5,6.25,0,0,0,0,0,0,3,1,4,True,False,False,False,False,False,False,False,False,False,True,False,False,False,False,False,False,True
77,Sweet Potato,26.0,23.5,4.0,112.5,0.5,5.75,0,0,0,0,1,1,3,2,3,False,False,False,False,False,True,False,False,False,False,False,False,False,False,False,False,False,True
78,Sweetcorn,30.0,25.5,3.0,85.0,1.0,6.5,0,1,0,0,0,0,4,1,2,False,False,False,False,False,True,False,False,False,False,False,False,False,False,False,False,False,True
79,Swiss Chard,30.0,18.5,4.0,55.0,1.5,6.75,0,1,0,0,0,0,3,1,5,False,True,False,False,False,False,False,False,False,False,True,False,False,False,False,False,False,True
80,Tatsoi,26.0,18.5,4.0,52.5,1.5,6.75,0,0,0,0,0,0,3,2,5,True,False,False,False,False,False,False,False,False,False,False,False,False,False,False,False,False,True
81,Tomato (Cherry),26.0,23.0,6.0,75.0,2.0,6.5,0,0,0,0,0,0,3,4,2,False,False,False,False,False,False,False,False,True,False,False,False,False,False,False,False,False,True
82,Tomato (Regular),26.0,23.0,6.0,75.0,2.0,6.5,0,0,0,0,0,0,3,4,2,False,False,False,False,False,False,False,False,True,False,False,False,False,False,False,False,False,True
83,Winter Field Beans,10.0,18.5,4.0,135.0,1.0,6.5,0,0,0,0,0,0,2,2,4,False,False,False,False,True,False,False,False,False,False,False,False,False,False,False,False,False,True
84,Winter Peas,26.0,18.5,4.0,70.0,1.0,6.5,0,0,0,0,0,0,1,2,5,False,False,False,False,True,False,False,False,False,False,False,False,False,False,False,False,False,True
85,Basil,26.0,18.5,4.0,70.0,1.0,6.0,0,0,0,0,0,0,4,1,1,False,False,False,True,False,False,False,False,False,False,False,False,False,False,False,False,False,True
86,Bay,26.0,18.5,4.0,70.0,1.0,6.0,0,0,0,0,0,0,1,1,4,False,False,False,False,False,True,False,False,False,False,False,False,False,False,False,False,False,True
87,Borage,26.0,18.5,4.0,70.0,1.0,6.0,0,0,0,0,0,0,3,1,4,False,False,False,False,False,True,False,False,False,False,False,False,False,False,False,False,False,True
88,Bonnet Pepper,26.0,18.5,4.0,70.0,1.5,7.75,0,0,0,0,0,0,3,2,2,False,False,False,False,False,False,False,True,False,False,False,False,False,False,False,False,False,True
89,Chamomile (German chamomile),26.0,18.5,4.0,70.0,2.0,6.5,0,0,0,0,0,0,1,1,4,False,False,False,False,False,True,False,False,False,False,True,False,False,False,False,False,False,True
90,Almond,26.0,18.5,4.0,70.0,1.0,6.5,0,0,0,0,0,0,3,2,2,False,False,False,False,False,True,False,False,False,False,False,False,False,False,False,False,True,False
91,Apple,26.0,18.5,4.0,70.0,1.5,6.75,0,0,0,0,0,0,3,2,4,False,False,False,False,False,True,False,False,False,False,False,False,False,False,False,False,True,False
92,Apricot,26.0,18.5,4.0,70.0,1.5,7.25,0,0,0,0,0,0,3,2,4,False,False,False,False,False,True,False,False,False,False,False,False,False,False,False,False,True,False
93,Blackberry,26.0,18.5,4.0,70.0,1.0,6.5,0,0,0,0,0,0,3,1,5,False,False,False,False,False,True,False,False,False,False,False,False,False,False,False,False,True,False
94,Blackcurrant,26.0,18.5,4.0,70.0,1.0,6.5,0,0,0,0,0,0,3,2,5,False,False,False,False,False,True,False,False,False,False,False,False,False,False,False,False,True,False
95,Blueberry,26.0,18.5,4.0,70.0,1.0,5.5,0,0,0,0,0,0,3,2,4,False,False,False,False,False,True,False,False,False,False,False,False,False,False,False,False,True,False
96,Cherry,26.0,18.5,4.0,70.0,1.0,6.5,0,0,0,0,0,0,3,2,4,False,False,False,False,False,True,False,False,False,False,False,False,False,False,False,False,True,False
97,Cranberry,26.0,18.5,4.0,70.0,1.0,5.5,0,0,0,0,0,0,4,2,4,False,False,False,False,False,True,False,False,False,False,True,False,False,False,False,False,True,False
98,Fig,26.0,18.5,4.0,70.0,0.5,6.25,1,1,1,1,1,1,3,4,4,False,False,False,False,False,True,False,False,False,False,True,False,False,False,False,False,True,False
99,Gooseberry,26.0,18.5,4.0,70.0,1.0,6.5,0,0,0,0,0,0,3,2,4,False,False,False,False,False,True,False,False,False,False,False,False,False,False,False,False,True,False
100,Grape,26.0,18.5,4.0,70.0,1.0,6.5,0,0,0,0,0,0,3,2,4,False,False,False,False,False,True,False,False,False,False,False,False,False,False,False,False,True,False
101,Hazel,26.0,18.5,4.0,70.0,1.0,7.0,0,0,0,0,1,0,3,2,4,False,False,False,False,False,True,False,False,False,False,True,False,False,False,False,False,True,False
102,Hops,26.0,18.5,4.0,70.0,1.5,7.25,0,0,0,0,0,0,3,4,4,False,False,False,False,False,True,False,False,False,False,False,False,False,False,False,False,True,False
103,Kiwi,26.0,18.5,4.0,70.0,1.5,6.25,0,0,0,0,0,0,3,2,4,False,False,False,False,False,True,False,False,False,False,False,False,False,False,False,False,True,False
104,Lemon,26.0,18.5,4.0,70.0,1.5,6.25,0,0,0,0,0,0,3,2,2,False,False,False,False,False,True,False,False,False,False,False,False,False,False,False,False,True,False
105,Lime,26.0,18.5,4.0,70.0,1.5,6.25,0,0,0,0,0,0,3,2,2,False,False,False,False,False,True,False,False,False,False,False,False,False,False,False,False,True,False
106,Loganberry,26.0,18.5,4.0,70.0,1.5,6.25,0,0,0,0,0,0,3,2,4,False,False,False,False,False,True,False,False,False,False,True,False,False,False,False,False,True,False
107,Nectarine,26.0,18.5,4.0,70.0,1.5,6.25,0,0,0,0,0,0,3,2,4,False,False,False,False,False,True,False,False,False,False,False,False,False,False,False,False,True,False
108,Orange,26.0,18.5,4.0,70.0,1.5,6.25,0,0,0,0,0,0,3,2,2,False,False,False,False,False,True,False,False,False,False,False,False,False,False,False,False,True,False
109,Peach,26.0,18.5,4.0,70.0,1.0,6.5,0,0,0,0,0,0,3,2,4,False,False,False,False,False,True,False,False,False,False,False,False,False,False,False,False,True,False
110,Pear,26.0,18.5,4.0,70.0,1.0,6.5,0,0,0,0,0,0,3,2,4,False,False,False,False,False,True,False,False,False,False,False,False,False,False,False,False,True,False
111,Persimmon,26.0,18.5,4.0,70.0,1.0,6.0,0,0,0,0,0,0,3,1,4,False,False,False,False,False,True,False,False,False,False,False,False,False,False,False,False,True,False
112,Plum,26.0,18.5,4.0,70.0,2.0,7.0,0,0,0,0,0,0,3,3,4,False,False,False,False,False,True,False,False,False,False,False,False,False,False,False,False,True,False
113,Pomagranate,26.0,18.5,4.0,70.0,1.0,5.5,0,0,0,0,0,0,3,2,4,False,False,False,False,False,True,False,False,False,False,False,False,False,False,False,False,True,False
114,Raspberry,26.0,18.5,4.0,70.0,1.0,6.0,0,0,0,0,0,0,3,1,4,False,False,False,False,False,True,False,False,False,False,False,False,False,False,False,False,True,False
115,Redcurrant,26.0,18.5,4.0,70.0,1.0,6.5,0,0,0,0,0,0,3,2,4,False,False,False,False,False,True,False,False,False,False,False,False,False,False,False,False,True,False
116,Walnut,26.0,18.5,4.0,70.0,2.0,6.5,0,0,0,0,0,0,3,2,4,False,False,False,False,False,True,False,False,False,False,True,False,False,False,False,False,True,False
117,White currant,26.0,18.5,4.0,70.0,1.0,6.5,0,0,0,0,0,0,3,2,4,False,False,False,False,False,True,False,False,False,False,False,False,False,False,False,False,True,False
118,Chestnut,26.0,18.5,4.0,70.0,0.5,5.75,0,0,0,0,0,0,3,2,4,False,False,False,False,False,True,False,False,False,False,False,False,False,False,False,False,True,False
119,Honey Berry,26.0,18.5,4.0,70.0,2.0,6.0,0,0,0,0,0,0,3,2,5,False,False,False,False,False,True,False,False,False,False,False,False,True,False,False,False,True,False
120,Calendula,26.0,18.5,4.0,70.0,1.5,6.25,0,0,0,0,0,0,3,1,4,False,False,False,False,False,True,False,False,False,False,True,False,False,False,False,False,False,True
121,Catnip,26.0,18.5,4.0,70.0,1.5,6.75,0,0,0,0,0,0,1,1,4,False,False,False,False,False,True,False,False,False,False,False,False,False,False,False,False,False,True
122,Chamomile (Roman chamomile),26.0,18.5,4.0,70.0,2.0,6.5,0,0,0,0,0,0,1,1,4,False,False,False,False,False,True,False,False,False,False,True,False,False,False,False,False,False,True
123,Valerian,26.0,18.5,4.0,70.0,1.5,6.25,0,0,0,0,0,0,3,1,4,False,False,False,False,False,True,False,False,False,False,False,False,False,False,False,False,True,False
124,Comfrey,26.0,18.5,4.0,70.0,1.0,6.5,0,0,0,0,0,0,3,1,4,False,False,False,False,False,True,False,False,False,False,False,False,True,False,False,False,True,False
125,Coriander,26.0,18.5,4.0,70.0,1.0,6.5,0,0,0,0,0,0,3,1,4,False,False,False,False,False,False,False,False,False,True,False,False,False,False,False,False,False,False
126,Dill,26.0,18.5,4.0,70.0,1.5,6.25,0,0,0,0,0,0,3,2,4,False,False,False,False,False,False,False,False,False,True,False,False,False,False,False,False,False,False
127,Thyme,26.0,18.5,4.0,70.0,1.5,6.25,0,0,0,0,0,0,1,1,4,False,False,False,False,False,True,False,False,False,False,False,False,False,False,False,False,True,False
128,Feverfew,26.0,18.5,4.0,70.0,2.0,7.0,1,1,1,1,1,1,1,1,4,False,False,False,False,False,True,False,False,False,False,False,False,False,False,True,False,False,False
129,Horseradish,26.0,18.5,4.0,70.0,2.5,6.25,0,0,0,0,0,0,3,2,5,True,False,False,False,False,False,False,False,False,False,False,False,False,False,False,False,True,False
130,Lemon Grass,26.0,18.5,4.0,70.0,3.0,6.5,0,0,0,0,0,0,4,1,1,False,False,False,False,False,True,False,False,False,False,False,False,False,False,False,False,False,True
131,Marjoram,26.0,18.5,4.0,70.0,2.0,7.0,0,0,0,0,0,0,1,1,4,False,False,False,True,False,False,False,False,False,False,False,False,False,False,False,False,True,False
132,Mint,26.0,18.5,4.0,70.0,1.0,7.5,0,0,0,0,0,0,1,1,5,False,False,False,True,False,False,False,False,False,False,False,False,False,False,False,False,True,False
133,Oregano,26.0,18.5,4.0,70.0,1.0,6.5,0,0,0,0,0,0,1,1,4,False,False,False,True,False,False,False,False,False,False,False,False,False,False,False,False,False,True
134,Parsley,26.0,18.5,4.0,70.0,2.0,6.0,0,0,0,0,0,0,3,2,4,False,False,False,False,False,False,False,False,False,True,True,False,False,False,False,False,False,False
135,Rosemary,26.0,18.5,4.0,70.0,1.0,5.5,0,0,0,0,0,0,1,1,4,False,False,False,False,False,True,False,False,False,False,False,False,False,False,False,False,False,True
136,Sage,26.0,18.5,4.0,70.0,1.0,6.0,0,0,0,0,0,0,1,1,4,False,False,False,False,False,True,False,False,False,False,False,False,False,False,False,True,False,False
137,Tarragon (French),26.0,18.5,4.0,70.0,1.0,7.0,0,0,0,0,0,0,1,1,4,False,False,False,False,False,True,False,False,False,False,False,False,False,False,False,False,True,False
138,Strawberry,26.0,18.5,4.0,70.0,1.0,6.0,0,0,0,0,0,0,3,2,4,False,False,False,False,False,True,False,False,False,False,False,False,False,False,False,True,False,False
139,Lemon balm,26.0,18.5,4.0,70.0,1.5,6.75,0,0,0,0,0,0,3,1,5,False,False,False,False,False,True,False,False,False,False,False,False,False,False,False,False,True,False
